ip_str,hostnames
77.88.193.133,[]
45.133.203.102,['rebakarett.ptr1.ru']
139.59.93.52,[]
198.204.240.34,[]
147.182.187.72,[]
124.221.35.184,[]
60.191.208.227,[]
5.196.213.24,['leclubemploi.com']
137.184.221.65,[]
42.192.226.194,[]
159.203.95.129,[]
74.84.137.189,[]
185.213.27.106,['ubuntu18.rapid7.cloud']
188.68.229.50,['flymetothemoon.site']
120.48.47.208,[]
194.59.40.10,[]
194.195.210.224,['194-195-210-224.ip.linodeusercontent.com']
5.196.213.25,['trioconsulting.fr']
137.184.248.25,[]
64.53.242.134,['53-64-134-242.static.nap.wideopenwest.com']
137.184.111.53,[]
213.226.123.170,[]
217.114.222.10,['h-217.114.222.10.keyweb.de']
1.13.165.208,[]
52.72.113.82,['ec2-52-72-113-82.compute-1.amazonaws.com']
172.105.206.18,['li1860-18.members.linode.com']
3.92.45.132,['ec2-3-92-45-132.compute-1.amazonaws.com']
146.185.166.202,[]
14.225.205.179,['static.vnpt.vn']
41.76.134.133,[]
74.217.181.22,['cygnett.com']
167.99.41.251,[]
185.197.194.124,['vmi813221.contaboserver.net']
36.66.109.248,[]
178.18.252.98,['vmi579783.contaboserver.net']
134.122.188.234,[]
119.29.67.188,[]
5.196.213.111,['paris-apartment-montmartre.com']
95.214.24.72,[]
5.196.213.206,['maloyatlantictour.fr']
51.254.147.165,['ip165.ip-51-254-147.eu']
139.60.161.167,[]
20.77.132.131,[]
143.110.158.187,[]
31.14.116.181,[]
101.43.157.230,[]
172.96.166.109,[]
139.162.23.75,['139-162-23-75.ip.linodeusercontent.com']
188.165.57.99,['ip99.ip-188-165-57.eu']
188.241.240.129,['hosted-by.hazi.ro']
69.197.140.156,['chiefpartytime.com']
52.188.13.228,[]
34.212.163.95,['ec2-34-212-163-95.us-west-2.compute.amazonaws.com']
5.196.213.109,[]
172.96.166.110,[]
103.79.76.69,[]
77.92.95.127,['mail.beachcafe.com']
83.220.172.27,['lukeone1.fvds.ru']
167.71.98.206,[]
178.18.250.242,['vmi575690.contaboserver.net']
121.36.165.78,['ecs-121-36-165-78.compute.hwclouds-dns.com']
5.196.213.110,['lescordeesdelamitie.fr']
138.197.18.115,['49thsecuritydivision.com']
172.96.166.106,[]
92.222.159.75,[]
210.255.57.172,[]
191.232.55.9,[]
144.91.80.191,['vmi628327.contaboserver.net']
142.93.168.52,[]
38.242.205.50,['vmi796347.contaboserver.net']
194.233.68.142,['vmi642176.contaboserver.net']
182.161.69.157,[]
185.170.144.152,[]
212.129.43.47,['www.in-over.com']
182.161.69.156,[]
78.193.228.65,['viv44-1-78-193-228-65.fbxo.proxad.net']
167.99.128.143,[]
5.196.213.27,[]
20.120.208.165,[]
194.165.16.51,['visit.keznews.com']
3.12.91.21,['ec2-3-12-91-21.us-east-2.compute.amazonaws.com']
45.85.249.182,['vmi1052471.contaboserver.net']
104.225.235.176,['104.225.235.176.16clouds.com']
87.251.64.151,[]
119.91.120.76,[]
185.231.207.145,['newp2.local']
47.103.192.104,[]
23.94.14.254,['23-94-14-254-host.colocrossing.com']
173.231.206.29,['vps83718.inmotionhosting.com']
101.43.186.153,[]
216.105.171.222,[]
42.192.84.184,[]
87.229.94.231,['server.eszterhazy.hu']
185.250.242.65,['mail.sistemdc.com']
106.52.241.42,[]
145.239.91.129,['vps-f78575ac.vps.ovh.net']
34.205.179.1,['ec2-34-205-179-1.compute-1.amazonaws.com']
20.165.46.156,[]
5.196.213.99,[]
45.63.86.203,['45.63.86.203.vultrusercontent.com']
5.196.213.96,['leclubdubtp.com']
206.55.84.201,['206-55-84-201.beanfield.net']
202.112.51.236,[]
52.138.143.143,[]
46.30.189.95,[]
18.194.147.156,['ec2-18-194-147-156.eu-central-1.compute.amazonaws.com']
188.0.21.80,['PPPoE-188.0.21.80-IP.RastrNET.RU']
217.114.222.12,['h-217.114.222.12.keyweb.de']
62.233.50.243,[]
124.222.157.232,[]
42.193.55.58,[]
3.95.25.19,['ec2-3-95-25-19.compute-1.amazonaws.com']
192.236.195.20,['hwsrv-745834.hostwindsdns.com']
96.44.135.82,['mailtob2b25.ru']
81.19.136.238,[]
66.94.117.193,['vmi736209.contaboserver.net']
216.75.60.208,['ubuntu2060208.aspadmin.net']
209.126.85.30,['vmi1037813.contaboserver.net']
165.22.108.179,[]
173.249.15.168,['vmi893054.contaboserver.net']
101.35.30.146,[]
5.230.69.245,['placeholder.noezserver.de']
149.202.167.171,[]
145.239.171.198,['ip198.ip-145-239-171.eu']
13.214.189.242,['ec2-13-214-189-242.ap-southeast-1.compute.amazonaws.com']
190.14.159.20,['ppp-159-20.telcocom.com.ar']
178.238.228.29,['vmi114630.contaboserver.net']
65.108.41.86,['static.86.41.108.65.clients.your-server.de']
23.106.215.96,[]
120.46.212.231,['ecs-120-46-212-231.compute.hwclouds-dns.com']
198.199.76.168,[]
51.75.253.18,['vps-76681eb7.vps.ovh.net']
92.246.89.82,[]
86.48.25.122,['vmi600305.contaboserver.net']
213.183.56.138,['138.56.183.213.in-addr.arpa']
87.251.64.19,[]
188.214.128.130,[]
174.79.173.253,['wsip-174-79-173-253.ri.ri.cox.net']
216.105.171.220,['mail.mailservice.solutions']
54.39.173.138,['ip138.ip-54-39-173.net']
178.33.236.55,['ns3096690.ip-178-33-236.eu']
46.161.40.91,['hosting-by.ankas-group.net']
179.43.142.32,['hostedby.privatealps.net']
94.23.43.228,['pedagogyk.decanet.fr']
101.43.242.147,[]
182.161.69.155,[]
121.5.153.149,[]
124.71.135.11,['ecs-124-71-135-11.compute.hwclouds-dns.com']
143.198.52.107,[]
89.44.9.238,[]
121.4.50.245,[]
42.192.41.16,[]
104.236.38.190,[]
209.126.84.12,['vmi549621.contaboserver.net']
161.35.177.190,[]
66.175.209.216,['66-175-209-216.ip.linodeusercontent.com']
15.235.156.97,['ip97.ip-15-235-156.net']
80.85.156.18,['earmear882.pserver.ru']
101.43.219.77,[]
120.79.161.221,[]
88.214.56.59,['vps-zap982991-1.zap-srv.com']
5.196.213.207,['vacation-paris-apartment.com']
202.112.238.106,[]
5.196.213.204,['devigan.fr']
141.94.131.115,['ns31446068.ip-141-94-131.eu']
137.74.246.133,['ip133.ip-137-74-246.eu']
47.254.86.227,[]
101.43.117.86,[]
178.62.23.139,[]
31.169.72.74,['ip74.subnet72.netfactor.net.tr']
95.213.145.99,[]
182.161.69.154,[]
46.32.232.169,['vps98383982.123-vps.co.uk']
45.142.213.91,['ermetpalaev.example.com']
45.14.224.89,['hosted-by.spectraip.net']
103.45.143.169,[]
146.190.235.113,[]
185.67.204.98,['185-67-204-98.layersistem.com']
149.202.173.37,[]
154.12.239.146,['vmi1088497.contaboserver.net']
45.76.177.110,['45.76.177.110.vultrusercontent.com']
45.142.215.143,['ruslanbadoev.example.com']
185.4.64.66,[]
89.58.9.56,['v2202112118727170766.bestsrv.de']
47.99.113.103,[]
45.95.11.51,['vm185173.pq.hosting']
111.229.178.45,[]
194.233.84.226,['vmi1017781.contaboserver.net']
5.196.213.205,['maigrot.fr']
216.105.171.218,[]
194.195.222.82,['194-195-222-82.ip.linodeusercontent.com']
54.175.183.78,['ec2-54-175-183-78.compute-1.amazonaws.com']
45.180.20.23,[]
5.101.4.196,['hvilica.ru.4.101.5.in-addr.arpa']
173.212.214.79,['vmi280550.contaboserver.net']
85.243.239.81,['bl10-239-81.dsl.telepac.pt']
169.50.108.86,['56.6c.32a9.ip4.static.sl-reverse.com']
52.90.107.253,['ec2-52-90-107-253.compute-1.amazonaws.com']
107.170.56.12,['anthonycanino.com']
5.182.39.136,['vm773414.stark-industries.solutions']
207.148.1.125,['207.148.1.125.vultrusercontent.com']
45.142.215.200,['adilsadik.example.com']
154.12.231.217,['vmi875170.contaboserver.net']
95.216.201.166,['static.166.201.216.95.clients.your-server.de']
194.163.146.63,['vmi965500.contaboserver.net']
63.210.148.42,['63.210.148.42.vultrusercontent.com']
52.16.12.26,['ec2-52-16-12-26.eu-west-1.compute.amazonaws.com']
2.56.245.38,[]
23.254.203.53,['hwsrv-398703.hostwindsdns.com']
185.146.232.82,[]
68.183.212.49,[]
23.94.163.117,['23-94-163-117-host.colocrossing.com']
142.79.230.133,[]
147.83.42.250,"['dync-42-250.ac.upc.es', 'dync-42-250.ac.upc.edu']"
185.170.42.93,[]
103.6.238.33,[]
137.175.0.10,[]
77.92.95.144,['server.uk2net.com']
156.54.4.10,[]
51.178.176.35,['ns31257096.ip-51-178-176.eu']
139.59.118.98,[]
81.69.189.231,[]
216.105.171.219,[]
185.161.210.14,['185.161.210.14.deltahost-ptr']
78.108.182.29,['822.photonhost.net']
167.235.146.247,['static.247.146.235.167.clients.your-server.de']
92.205.16.193,['193.16.205.92.host.secureserver.net']
178.32.139.117,['ip117.ip-178-32-139.eu']
45.134.21.8,[]
213.252.245.133,['15346-31707.bacloud.info']
45.11.19.89,[]
89.208.105.15,['selection.aeza.network']
5.252.176.52,['no-rdns.mivocloud.com']
139.59.59.97,[]
152.136.116.14,[]
8.136.134.193,[]
146.70.124.88,[]
5.249.145.51,['host51-145-249-5.serverdedicati.aruba.it']
198.7.57.144,[]
154.219.3.167,[]
221.214.111.106,[]
54.37.224.127,['127.ip-54-37-224.eu']
91.121.233.201,['ip201.ip-91-121-233.eu']
51.89.247.225,['rdns.prodigits.in']
185.243.215.82,['ip-185-243-215-82-76926.vps.hosted-by-mvps.net']
43.242.213.182,['static-43-242-213-182.ctrls.in']
95.182.121.85,['vps.bcd3adc.host']
163.172.84.95,['163-172-84-95.rev.poneytelecom.eu']
1.15.134.159,[]
139.180.138.217,['139.180.138.217.vultrusercontent.com']
81.19.136.234,[]
207.180.201.51,['vmi403075.contaboserver.net']
92.118.36.249,[]
162.0.224.245,['may-who.quarantine-pnap-vlan51.web-hosting.com']
137.184.83.113,[]
175.24.199.8,[]
5.101.5.196,[]
159.223.10.199,[]
145.239.140.184,['ns3084441.ip-145-239-140.eu']
82.156.197.177,[]
172.86.120.35,['172-86-120-35.static.hvvc.us']
139.180.143.202,['139.180.143.202.vultrusercontent.com']
146.59.199.61,['vps-358095c8.vps.ovh.net']
54.243.120.218,['ec2-54-243-120-218.compute-1.amazonaws.com']
162.19.198.28,['ip28.ip-162-19-198.eu']
35.231.10.100,['100.10.231.35.bc.googleusercontent.com']
94.103.88.132,['host-94-103-88-132.hosted-by-vdsina.ru']
98.142.95.254,[]
172.96.166.108,[]
182.161.69.158,[]
5.44.240.151,['vps.zoner.fi']
77.92.95.143,['mail.beachcafe.com']
89.106.206.232,[]
117.52.110.144,[]
113.107.54.65,[]
46.22.115.250,['scooter.axbyte.net']
124.221.138.137,[]
143.244.138.165,[]
101.43.158.173,[]
85.239.55.48,['jod0.vanceban.sbs']
200.12.221.96,['static-96.221.12.200.in-addr.arpa']
45.85.248.139,[]
185.10.228.203,['cb.e4.0ab9.ip4.static.sl-reverse.com']
74.207.237.31,['74-207-237-31.ip.linodeusercontent.com']
13.59.188.22,['ec2-13-59-188-22.us-east-2.compute.amazonaws.com']
193.168.7.41,[]
123.156.62.67,[]
37.28.156.22,['d156022.artnet.gda.pl']
141.11.182.15,['ip-141-11-182-15.Hosted-by.RACK400.com']
218.56.158.220,[]
150.158.94.183,[]
114.132.238.151,[]
165.232.130.91,[]
52.63.128.89,['ec2-52-63-128-89.ap-southeast-2.compute.amazonaws.com']
82.157.57.149,[]
54.221.105.212,['ec2-54-221-105-212.compute-1.amazonaws.com']
92.118.36.202,[]
8.141.63.65,[]
51.89.161.169,['ip169.ip-51-89-161.eu']
1.15.234.73,[]
95.217.90.136,['static.136.90.217.95.clients.your-server.de']
158.69.68.223,[]
81.68.69.7,[]
203.95.193.100,[]
150.158.13.117,[]
103.146.202.61,['ip61.202.146.103.in-addr.arpa.unknwn.cloudhost.asia']
111.2.87.227,[]
34.126.181.39,['39.181.126.34.bc.googleusercontent.com']
50.31.0.96,['web1.divtechhost.net']
5.196.213.97,['pedagogyk.com']
5.196.213.26,[]
161.97.120.179,['vmi888246.contaboserver.net']
172.96.166.107,[]
52.67.16.71,['ec2-52-67-16-71.sa-east-1.compute.amazonaws.com']
54.175.23.128,['ec2-54-175-23-128.compute-1.amazonaws.com']
18.191.93.134,['ec2-18-191-93-134.us-east-2.compute.amazonaws.com']
165.227.136.106,[]
44.197.227.223,['ec2-44-197-227-223.compute-1.amazonaws.com']
5.181.80.126,['ip-80-126-bullethost.net']
216.105.171.221,[]
68.183.84.23,[]
5.196.213.98,[]
193.149.189.205,[]
143.198.141.214,[]
1.117.38.101,[]
47.104.246.77,[]
158.247.224.143,['158.247.224.143.vultrusercontent.com']
139.0.15.189,['ln-static-139-0-15-189.link.net.id']
198.58.103.82,['li553-82.members.linode.com']
128.199.92.8,[]
5.196.213.108,['generation-cleantech.com']
139.162.143.116,['139-162-143-116.ip.linodeusercontent.com']
20.55.31.160,[]
162.243.22.15,[]
51.77.245.133,['vps-4c7339b2.vps.ovh.net']
92.38.178.236,['skcksmxhwusqw.example.com']
43.132.152.185,[]
39.99.39.148,[]
123.207.84.229,[]
23.234.239.229,[]
193.29.56.32,"['nordns.crowncloud.net', 'sudla.greenmatrix.org.uk']"
193.134.209.59,[]
186.93.64.31,[]
51.79.225.66,['ip66.ip-51-79-225.net']
185.250.242.66,['mail.sistemdc.com']
154.219.2.167,[]
94.130.220.175,['static.175.220.130.94.clients.your-server.de']
45.159.248.56,['vm719449.stark-industries.solutions']
54.38.139.133,[]
89.111.133.213,[]
31.41.8.66,[]
212.72.192.8,['blackhole.netissat.bg']
103.28.52.242,['ip242.52.28.103.in-addr.arpa.unknwn.cloudhost.asia']
206.189.76.150,[]
45.134.21.9,['ns2.cloudserver.vip']
43.140.250.165,[]
45.67.228.44,['vm663549.stark-industries.solutions']
52.3.8.179,['ec2-52-3-8-179.compute-1.amazonaws.com']
121.196.224.217,[]
144.202.47.125,['144.202.47.125.vultrusercontent.com']
185.250.242.64,['mail.sistemdc.com']
194.233.90.144,['vmi854662.contaboserver.net']
91.198.77.194,[]
47.93.253.173,[]
104.237.240.112,['104-237-240-112-host.colocrossing.com']
164.92.112.142,[]
103.199.110.81,[]
185.105.90.125,['vm1964631.firstbyte.club']
66.42.54.23,['66.42.54.23.vultrusercontent.com']
45.134.254.186,[]
54.235.59.0,['ec2-54-235-59-0.compute-1.amazonaws.com']
120.136.24.164,['sniper.cambounisoll.com']
38.242.223.113,['vmi990974.contaboserver.net']
185.243.115.50,[]
154.209.72.153,[]
38.242.255.222,['vmi1088060.contaboserver.net']
193.29.13.203,[]
185.250.149.228,['vm715985.stark-industries.solutions']
198.23.210.141,['198-23-210-141-host.colocrossing.com']
103.53.192.90,['90.192.53.103.mcs.co.id']
104.248.51.225,['acaprocess.breakthewall.in-1536588254961-s-1vcpu-2gb-nyc1-01']
58.96.75.176,['176.75.96.58.static.exetel.com.au']
190.97.165.56,['nazemutu.ccipanama.com']
5.230.73.216,['placeholder.noezserver.de']
106.55.147.9,[]
139.99.155.76,['vps-5a64c43b.vps.ovh.ca']
209.195.169.238,['c13.pyramid-group.com']
176.103.62.33,[]
31.42.186.100,['dedicated.vsys.host']
154.26.134.173,['vmi1056230.contaboserver.net']
183.63.115.120,[]
193.57.138.141,['vm775028.stark-industries.solutions']
65.0.66.180,['ec2-65-0-66-180.ap-south-1.compute.amazonaws.com']
50.116.37.113,['50-116-37-113.ip.linodeusercontent.com']
3.109.151.227,['ec2-3-109-151-227.ap-south-1.compute.amazonaws.com']
192.248.32.211,['www.dscs.sjp.ac.lk']
86.48.2.22,['vmi1030244.contaboserver.net']
212.87.214.213,[]
65.0.117.205,['ec2-65-0-117-205.ap-south-1.compute.amazonaws.com']
13.235.61.2,['ec2-13-235-61-2.ap-south-1.compute.amazonaws.com']
3.110.233.192,['ec2-3-110-233-192.ap-south-1.compute.amazonaws.com']
3.110.93.129,['ec2-3-110-93-129.ap-south-1.compute.amazonaws.com']
3.110.137.56,['ec2-3-110-137-56.ap-south-1.compute.amazonaws.com']
13.235.60.149,['ec2-13-235-60-149.ap-south-1.compute.amazonaws.com']
13.235.62.147,['ec2-13-235-62-147.ap-south-1.compute.amazonaws.com']
3.110.230.216,['ec2-3-110-230-216.ap-south-1.compute.amazonaws.com']
103.176.145.162,[]
89.234.181.148,['148.181.234.89.ipv4.netrix.fr']
165.246.38.151,[]
65.0.65.91,['ec2-65-0-65-91.ap-south-1.compute.amazonaws.com']
3.6.43.115,['ec2-3-6-43-115.ap-south-1.compute.amazonaws.com']
3.111.50.82,['ec2-3-111-50-82.ap-south-1.compute.amazonaws.com']
65.1.149.220,['ec2-65-1-149-220.ap-south-1.compute.amazonaws.com']
119.192.232.104,[]
3.109.221.53,['ec2-3-109-221-53.ap-south-1.compute.amazonaws.com']
47.110.143.122,[]
199.83.61.126,[]
15.206.2.140,['ec2-15-206-2-140.ap-south-1.compute.amazonaws.com']
42.192.61.140,[]
3.111.50.27,['ec2-3-111-50-27.ap-south-1.compute.amazonaws.com']
152.206.177.163,['srv163177-206152.vps.etecsa.cu']
188.119.112.85,['vm332141.pq.hosting']
93.177.102.106,['dgn.keyubu.com']
3.25.189.88,['ec2-3-25-189-88.ap-southeast-2.compute.amazonaws.com']
185.153.197.143,['server-185-153-197-143.vmbox.cloud']
101.255.92.147,['mail.pitados.com']
149.154.70.121,['llerjucivo.vps']
190.234.63.138,[]
45.8.224.26,['vps-939bec.stackvps.com']
209.209.57.65,[]
195.189.96.228,[]
38.87.198.5,[]
45.133.203.205,['rebakarett3.ptr1.ru']
194.44.230.201,[]
107.174.138.166,['107-174-138-166-host.colocrossing.com']
45.142.215.168,['raipredicda1972.example.com']
103.17.164.117,[]
74.208.24.142,['kali.uscyber.army']
110.173.59.59,[]
104.238.188.16,['104.238.188.16.vultrusercontent.com']
3.110.192.147,['ec2-3-110-192-147.ap-south-1.compute.amazonaws.com']
3.110.89.14,['ec2-3-110-89-14.ap-south-1.compute.amazonaws.com']
65.1.126.86,['ec2-65-1-126-86.ap-south-1.compute.amazonaws.com']
3.111.49.173,['ec2-3-111-49-173.ap-south-1.compute.amazonaws.com']
65.0.117.119,['ec2-65-0-117-119.ap-south-1.compute.amazonaws.com']
43.205.108.0,['ec2-43-205-108-0.ap-south-1.compute.amazonaws.com']
65.2.160.227,['ec2-65-2-160-227.ap-south-1.compute.amazonaws.com']
85.239.52.107,[]
3.110.79.54,['ec2-3-110-79-54.ap-south-1.compute.amazonaws.com']
3.6.43.159,['ec2-3-6-43-159.ap-south-1.compute.amazonaws.com']
15.206.206.5,['ec2-15-206-206-5.ap-south-1.compute.amazonaws.com']
15.206.208.239,['ec2-15-206-208-239.ap-south-1.compute.amazonaws.com']
121.167.66.122,[]
3.108.197.22,['ec2-3-108-197-22.ap-south-1.compute.amazonaws.com']
65.2.147.160,['ec2-65-2-147-160.ap-south-1.compute.amazonaws.com']
3.110.65.172,['ec2-3-110-65-172.ap-south-1.compute.amazonaws.com']
15.206.207.120,['ec2-15-206-207-120.ap-south-1.compute.amazonaws.com']
193.200.16.3,['obizgallary0.obizgallary.cloudns.ph']
3.108.225.69,['ec2-3-108-225-69.ap-south-1.compute.amazonaws.com']
153.33.71.100,['host-71-100.ncchash.charlotte.nc.us.clients.pavlovmedia.net']
191.101.70.158,[]
124.222.127.224,[]
65.1.113.65,['ec2-65-1-113-65.ap-south-1.compute.amazonaws.com']
168.235.89.146,['168-235-89-146.cloud.ramnode.com']
66.29.142.156,[]
119.29.93.18,[]
209.105.248.242,[]
101.42.172.44,[]
185.81.157.175,[]
42.193.46.79,[]
43.205.93.14,['ec2-43-205-93-14.ap-south-1.compute.amazonaws.com']
185.193.126.211,['b9c17ed3.host.njalla.net']
85.214.147.196,['h2986386.stratoserver.net']
52.66.219.130,['ec2-52-66-219-130.ap-south-1.compute.amazonaws.com']
3.7.255.237,['ec2-3-7-255-237.ap-south-1.compute.amazonaws.com']
3.7.57.173,['ec2-3-7-57-173.ap-south-1.compute.amazonaws.com']
3.110.203.84,['ec2-3-110-203-84.ap-south-1.compute.amazonaws.com']
3.108.197.171,['ec2-3-108-197-171.ap-south-1.compute.amazonaws.com']
43.205.109.42,['ec2-43-205-109-42.ap-south-1.compute.amazonaws.com']
65.1.242.34,['ec2-65-1-242-34.ap-south-1.compute.amazonaws.com']
3.109.156.52,['ec2-3-109-156-52.ap-south-1.compute.amazonaws.com']
3.108.10.7,['ec2-3-108-10-7.ap-south-1.compute.amazonaws.com']
195.2.92.52,['host-195-2-92-52.hosted-by-vdsina.ru']
3.110.192.140,['ec2-3-110-192-140.ap-south-1.compute.amazonaws.com']
3.110.67.20,['ec2-3-110-67-20.ap-south-1.compute.amazonaws.com']
123.249.69.35,['ecs-123-249-69-35.compute.hwclouds-dns.com']
3.108.9.246,['ec2-3-108-9-246.ap-south-1.compute.amazonaws.com']
65.0.123.108,['ec2-65-0-123-108.ap-south-1.compute.amazonaws.com']
65.1.144.228,['ec2-65-1-144-228.ap-south-1.compute.amazonaws.com']
15.207.103.126,['ec2-15-207-103-126.ap-south-1.compute.amazonaws.com']
3.7.250.228,['ec2-3-7-250-228.ap-south-1.compute.amazonaws.com']
65.2.56.83,['ec2-65-2-56-83.ap-south-1.compute.amazonaws.com']
52.66.232.45,['ec2-52-66-232-45.ap-south-1.compute.amazonaws.com']
43.205.123.136,['ec2-43-205-123-136.ap-south-1.compute.amazonaws.com']
43.205.107.3,['ec2-43-205-107-3.ap-south-1.compute.amazonaws.com']
15.207.103.58,['ec2-15-207-103-58.ap-south-1.compute.amazonaws.com']
3.110.91.51,['ec2-3-110-91-51.ap-south-1.compute.amazonaws.com']
65.2.136.237,['ec2-65-2-136-237.ap-south-1.compute.amazonaws.com']
190.232.148.242,[]
3.110.140.106,['ec2-3-110-140-106.ap-south-1.compute.amazonaws.com']
52.66.216.22,['ec2-52-66-216-22.ap-south-1.compute.amazonaws.com']
38.87.247.216,[]
39.103.150.56,[]
38.87.198.107,[]
49.232.12.101,[]
52.66.218.113,['ec2-52-66-218-113.ap-south-1.compute.amazonaws.com']
13.235.58.48,['ec2-13-235-58-48.ap-south-1.compute.amazonaws.com']
38.87.199.198,[]
3.110.192.62,['ec2-3-110-192-62.ap-south-1.compute.amazonaws.com']
3.108.197.248,['ec2-3-108-197-248.ap-south-1.compute.amazonaws.com']
3.110.205.210,['ec2-3-110-205-210.ap-south-1.compute.amazonaws.com']
3.110.67.202,['ec2-3-110-67-202.ap-south-1.compute.amazonaws.com']
3.110.146.49,['ec2-3-110-146-49.ap-south-1.compute.amazonaws.com']
3.108.3.154,['ec2-3-108-3-154.ap-south-1.compute.amazonaws.com']
15.207.104.207,['ec2-15-207-104-207.ap-south-1.compute.amazonaws.com']
168.169.99.43,[]
3.108.8.199,['ec2-3-108-8-199.ap-south-1.compute.amazonaws.com']
13.234.7.146,['ec2-13-234-7-146.ap-south-1.compute.amazonaws.com']
3.110.67.164,['ec2-3-110-67-164.ap-south-1.compute.amazonaws.com']
13.235.84.169,['ec2-13-235-84-169.ap-south-1.compute.amazonaws.com']
79.137.195.7,[]
3.108.3.17,['ec2-3-108-3-17.ap-south-1.compute.amazonaws.com']
51.89.181.73,['ip73.ip-51-89-181.eu']
52.66.222.80,['ec2-52-66-222-80.ap-south-1.compute.amazonaws.com']
3.110.76.139,['ec2-3-110-76-139.ap-south-1.compute.amazonaws.com']
37.17.172.72,['hostpost.hu']
142.93.13.193,[]
3.6.7.46,['ec2-3-6-7-46.ap-south-1.compute.amazonaws.com']
74.175.81.231,[]
185.193.143.163,[]
85.208.136.13,[]
3.110.79.222,['ec2-3-110-79-222.ap-south-1.compute.amazonaws.com']
15.206.190.231,['ec2-15-206-190-231.ap-south-1.compute.amazonaws.com']
3.110.140.217,['ec2-3-110-140-217.ap-south-1.compute.amazonaws.com']
13.235.55.41,['ec2-13-235-55-41.ap-south-1.compute.amazonaws.com']
115.77.97.214,['adsl.viettel.vn']
135.148.73.194,['ip194.ip-135-148-73.us']
3.110.125.163,['ec2-3-110-125-163.ap-south-1.compute.amazonaws.com']
65.0.66.78,['ec2-65-0-66-78.ap-south-1.compute.amazonaws.com']
15.206.2.245,['ec2-15-206-2-245.ap-south-1.compute.amazonaws.com']
3.109.138.199,['ec2-3-109-138-199.ap-south-1.compute.amazonaws.com']
3.108.239.126,['ec2-3-108-239-126.ap-south-1.compute.amazonaws.com']
20.244.39.101,[]
3.110.126.180,['ec2-3-110-126-180.ap-south-1.compute.amazonaws.com']
65.2.139.84,['ec2-65-2-139-84.ap-south-1.compute.amazonaws.com']
212.73.134.155,[]
120.25.177.208,[]
147.189.175.2,['vps-zap918017-2.zap-srv.com']
65.108.255.204,['neopulsar.uk']
38.87.197.94,[]
3.110.199.185,['ec2-3-110-199-185.ap-south-1.compute.amazonaws.com']
13.235.56.205,['ec2-13-235-56-205.ap-south-1.compute.amazonaws.com']
38.87.198.247,[]
65.2.54.76,['ec2-65-2-54-76.ap-south-1.compute.amazonaws.com']
3.110.206.35,['ec2-3-110-206-35.ap-south-1.compute.amazonaws.com']
65.2.32.167,['ec2-65-2-32-167.ap-south-1.compute.amazonaws.com']
3.111.49.162,['ec2-3-111-49-162.ap-south-1.compute.amazonaws.com']
3.108.226.194,['ec2-3-108-226-194.ap-south-1.compute.amazonaws.com']
3.110.111.106,['ec2-3-110-111-106.ap-south-1.compute.amazonaws.com']
13.235.215.148,['ec2-13-235-215-148.ap-south-1.compute.amazonaws.com']
157.245.103.9,[]
45.227.253.186,['hosting-by.directwebhost.org']
52.66.218.244,['ec2-52-66-218-244.ap-south-1.compute.amazonaws.com']
65.1.127.109,['ec2-65-1-127-109.ap-south-1.compute.amazonaws.com']
3.7.74.80,['ec2-3-7-74-80.ap-south-1.compute.amazonaws.com']
3.110.100.118,['ec2-3-110-100-118.ap-south-1.compute.amazonaws.com']
13.235.64.9,['ec2-13-235-64-9.ap-south-1.compute.amazonaws.com']
186.90.189.23,['186-90-189-23.genericrev.cantv.net']
3.108.5.252,['ec2-3-108-5-252.ap-south-1.compute.amazonaws.com']
59.63.199.197,[]
3.110.98.248,['ec2-3-110-98-248.ap-south-1.compute.amazonaws.com']
46.23.109.193,['46-23-109-193.telecomgroupdesign.com']
115.220.9.22,[]
107.148.9.195,['jading-markup.racknumb.com']
124.221.96.203,[]
147.182.170.172,[]
38.54.40.7,[]
3.110.58.35,['ec2-3-110-58-35.ap-south-1.compute.amazonaws.com']
15.206.190.202,['ec2-15-206-190-202.ap-south-1.compute.amazonaws.com']
3.110.76.8,['ec2-3-110-76-8.ap-south-1.compute.amazonaws.com']
3.110.152.182,['ec2-3-110-152-182.ap-south-1.compute.amazonaws.com']
124.223.64.183,[]
65.1.181.100,['ec2-65-1-181-100.ap-south-1.compute.amazonaws.com']
52.66.216.81,['ec2-52-66-216-81.ap-south-1.compute.amazonaws.com']
65.0.123.144,['ec2-65-0-123-144.ap-south-1.compute.amazonaws.com']
3.7.250.171,['ec2-3-7-250-171.ap-south-1.compute.amazonaws.com']
3.110.75.231,['ec2-3-110-75-231.ap-south-1.compute.amazonaws.com']
3.7.62.59,['ec2-3-7-62-59.ap-south-1.compute.amazonaws.com']
52.66.215.238,['ec2-52-66-215-238.ap-south-1.compute.amazonaws.com']
13.235.57.40,['ec2-13-235-57-40.ap-south-1.compute.amazonaws.com']
3.110.66.143,['ec2-3-110-66-143.ap-south-1.compute.amazonaws.com']
15.206.204.153,['ec2-15-206-204-153.ap-south-1.compute.amazonaws.com']
3.110.233.205,['ec2-3-110-233-205.ap-south-1.compute.amazonaws.com']
188.40.238.69,['static.69.238.40.188.clients.your-server.de']
122.51.255.154,[]
43.205.97.161,['ec2-43-205-97-161.ap-south-1.compute.amazonaws.com']
65.2.54.253,['ec2-65-2-54-253.ap-south-1.compute.amazonaws.com']
13.235.66.235,['ec2-13-235-66-235.ap-south-1.compute.amazonaws.com']
3.110.198.117,['ec2-3-110-198-117.ap-south-1.compute.amazonaws.com']
64.227.79.36,[]
206.72.199.217,['vps2516048.trouble-free.net']
3.110.82.96,['ec2-3-110-82-96.ap-south-1.compute.amazonaws.com']
13.235.62.144,['ec2-13-235-62-144.ap-south-1.compute.amazonaws.com']
3.108.255.171,['ec2-3-108-255-171.ap-south-1.compute.amazonaws.com']
75.127.11.24,['75-127-11-24-host.colocrossing.com']
38.87.247.181,[]
94.131.106.228,['google.nothing.org']
49.232.49.144,[]
65.0.119.17,['ec2-65-0-119-17.ap-south-1.compute.amazonaws.com']
103.183.112.48,[]
159.223.181.7,[]
3.7.255.196,['ec2-3-7-255-196.ap-south-1.compute.amazonaws.com']
13.234.10.24,['ec2-13-234-10-24.ap-south-1.compute.amazonaws.com']
13.233.135.219,['ec2-13-233-135-219.ap-south-1.compute.amazonaws.com']
23.92.79.178,['23-92-79-178.static.hvvc.us']
2.57.122.214,['mail.distribserver.de']
15.206.190.191,['ec2-15-206-190-191.ap-south-1.compute.amazonaws.com']
43.205.107.58,['ec2-43-205-107-58.ap-south-1.compute.amazonaws.com']
43.204.139.73,['ec2-43-204-139-73.ap-south-1.compute.amazonaws.com']
65.0.118.222,['ec2-65-0-118-222.ap-south-1.compute.amazonaws.com']
3.108.3.205,['ec2-3-108-3-205.ap-south-1.compute.amazonaws.com']
3.7.54.104,['ec2-3-7-54-104.ap-south-1.compute.amazonaws.com']
150.158.99.65,[]
66.228.51.50,['li293-50.members.linode.com']
51.254.177.154,['ip154.ip-51-254-177.eu']
54.165.235.129,['ec2-54-165-235-129.compute-1.amazonaws.com']
207.148.80.171,['207.148.80.171.vultrusercontent.com']
38.87.196.42,[]
3.109.156.156,['ec2-3-109-156-156.ap-south-1.compute.amazonaws.com']
45.8.144.248,['vm539436.stark-industries.solutions']
198.20.177.229,['contato2.cobranca01.com.br']
103.154.114.58,['ip-103-154-114-58.moratelindo.net.id']
43.205.120.134,['ec2-43-205-120-134.ap-south-1.compute.amazonaws.com']
